<?xml version="1.0" encoding="utf-8"?>
<!-- 
    Intelligent Memory Manager Permissions
    Defines system-level permissions for IMM module
-->
<permissions>
    <!-- IMM Service Core Permissions -->
    <permission name="android.permission.IMM_MEMORY_MANAGEMENT"
        android:protectionLevel="signature|privileged"
        android:label="@string/imm_memory_management_label"
        android:description="@string/imm_memory_management_desc" />
    
    <permission name="android.permission.IMM_PATTERN_ANALYSIS"
        android:protectionLevel="signature|privileged"
        android:label="@string/imm_pattern_analysis_label"
        android:description="@string/imm_pattern_analysis_desc" />
    
    <!-- System Level Access -->
    <permission name="android.permission.IMM_SYSTEM_ACCESS"
        android:protectionLevel="signature|system"
        android:label="@string/imm_system_access_label"
        android:description="@string/imm_system_access_desc" />
    
    <!-- Memory Management Permissions -->
    <permission name="android.permission.ACCESS_MEMORY_COMPACTION"
        android:protectionLevel="signature|privileged"
        android:label="Access Memory Compaction"
        android:description="Allows access to memory compaction controls" />
    
    <permission name="android.permission.MODIFY_VM_PARAMETERS"
        android:protectionLevel="signature|system"
        android:label="Modify VM Parameters"
        android:description="Allows modification of virtual memory parameters" />
    
    <!-- Process Management -->
    <permission name="android.permission.KILL_BACKGROUND_PROCESSES_ENHANCED"
        android:protectionLevel="signature|privileged"
        android:label="Enhanced Background Process Control"
        android:description="Enhanced control over background processes" />
    
    <permission name="android.permission.ACCESS_APP_USAGE_PATTERNS"
        android:protectionLevel="signature|privileged"
        android:label="Access App Usage Patterns"
        android:description="Access detailed application usage patterns" />
    
    <!-- Hardware Access -->
    <permission name="android.permission.ACCESS_THERMAL_SERVICE"
        android:protectionLevel="signature|system"
        android:label="Access Thermal Service"
        android:description="Access thermal management service" />
    
    <!-- Notification Permissions -->
    <permission name="android.permission.POST_SYSTEM_NOTIFICATIONS"
        android:protectionLevel="signature|system"
        android:label="Post System Notifications"
        android:description="Post system-level notifications" />
    
    <!-- File System Access -->
    <permission name="android.permission.ACCESS_PROC_FILESYSTEM"
        android:protectionLevel="signature|system"
        android:label="Access /proc Filesystem"
        android:description="Access /proc filesystem for system monitoring" />
    
    <!-- Performance Monitoring -->
    <permission name="android.permission.MONITOR_SYSTEM_PERFORMANCE"
        android:protectionLevel="signature|privileged"
        android:label="Monitor System Performance"
        android:description="Monitor detailed system performance metrics" />
    
    <!-- Group definitions for IMM -->
    <permission-group android:name="android.permission-group.IMM_SYSTEM"
        android:label="@string/permgrouplab_imm_system"
        android:description="@string/permgroupdesc_imm_system"
        android:priority="100" />
    
    <permission-group android:name="android.permission-group.IMM_MEMORY"
        android:label="@string/permgrouplab_imm_memory"
        android:description="@string/permgroupdesc_imm_memory"
        android:priority="200" />
    
    <!-- Feature declarations -->
    <feature name="android.software.imm_memory_manager"
        android:required="false" />
    
    <feature name="android.software.imm_pattern_analysis"
        android:required="false" />
    
    <!-- Library declarations -->
    <library name="com.imm.memory"
        file="/system/framework/imm-memory.jar" />
    
    <library name="com.imm.patterns"
        file="/system/framework/imm-patterns.jar" />
    
    <!-- Allow specific system packages to use IMM permissions -->
    <assign-permission name="android.permission.IMM_MEMORY_MANAGEMENT" uid="system" />
    <assign-permission name="android.permission.IMM_PATTERN_ANALYSIS" uid="system" />
    <assign-permission name="android.permission.ACCESS_MEMORY_COMPACTION" uid="system" />
    
    <!-- Whitelisted packages that can access IMM APIs -->
    <whitelist-app package="com.android.systemui" />
    <whitelist-app package="com.android.settings" />
    <whitelist-app package="com.android.shell" />
    
    <!-- Permission trees for dynamic permissions -->
    <permission-tree name="android.permission.IMM_DYNAMIC"
        android:label="IMM Dynamic Permissions" />
    
    <!-- System service definitions -->
    <system-service name="imm_memory"
        class="com.android.server.IMMemoryService" />
    
    <system-service name="imm_patterns"
        class="com.android.server.IMPatternService" />
    
    <!-- Selinux contexts -->
    <selinux-contexts>
        <assign domain="imm_service" file="/system/bin/memory_monitor" />
        <assign domain="imm_service" file="/system/bin/pattern_analyzer" />
    </selinux-contexts>
    
    <!-- Protected broadcasts -->
    <protected-broadcast android:name="android.intent.action.IMM_MEMORY_LOW" />
    <protected-broadcast android:name="android.intent.action.IMM_PATTERN_LEARNED" />
    <protected-broadcast android:name="android.intent.action.IMM_OPTIMIZATION_COMPLETE" />
    
    <!-- System properties -->
    <system-property name="ro.imm.enabled" value="true" />
    <system-property name="ro.imm.version" value="1.0" />
    <system-property name="persist.imm.debug" value="false" />
    
    <!-- Configuration parameters -->
    <config name="imm_memory_threshold_mb" value="512" />
    <config name="imm_fragmentation_threshold" value="50" />
    <config name="imm_pattern_learning_days" value="7" />
    <config name="imm_background_kill_timeout_minutes" value="10" />
    
</permissions>